PERIODO;ID PROVINCIA;PROVINCIA;ID MUNICIPIO;MUNICIPIO;TOTAL DE TRAMITES
2018-01-01;06;BUENOS AIRES;060270;EZEIZA;6558
2018-01-01;06;BUENOS AIRES;060357;GENERAL PUEYRREDON;3161
2018-01-01;06;BUENOS AIRES;060371;GENERAL SAN MARTIN;2167
2018-01-01;06;BUENOS AIRES;060441;LA PLATA;1447
2018-01-01;06;BUENOS AIRES;060658;QUILMES;3880
2018-01-01;06;BUENOS AIRES;060805;TIGRE;2535
2018-01-01;02;CABA;S/D;CABA;6984
2018-02-01;06;BUENOS AIRES;060028;ALMIRANTE BROWN;6000
2018-02-01;06;BUENOS AIRES;060035;AVELLANEDA;2241
2018-02-01;06;BUENOS AIRES;060091;BERAZATEGUI;5393
2018-02-01;06;BUENOS AIRES;060270;EZEIZA;2264
2018-02-01;06;BUENOS AIRES;060274;FLORENCIO VARELA;1080
2018-02-01;06;BUENOS AIRES;060357;GENERAL PUEYRREDON;4124
2018-02-01;06;BUENOS AIRES;060371;GENERAL SAN MARTIN;2054
2018-02-01;06;BUENOS AIRES;060410;ITUZAINGO;730
2018-02-01;06;BUENOS AIRES;060412;JOSE C PAZ;8505
2018-02-01;06;BUENOS AIRES;060427;LA MATANZA;11355
2018-02-01;06;BUENOS AIRES;060441;LA PLATA;2321
2018-02-01;06;BUENOS AIRES;060490;LOMAS DE ZAMORA;564
2018-02-01;06;BUENOS AIRES;060560;MORENO;7611
2018-02-01;06;BUENOS AIRES;060638;PILAR;2664
2018-02-01;06;BUENOS AIRES;060658;QUILMES;8756
2018-02-01;06;BUENOS AIRES;060760;SAN MIGUEL;5011
2018-02-01;06;BUENOS AIRES;060763;SAN NICOLAS;1100
2018-02-01;06;BUENOS AIRES;060778;SAN VICENTE;2088
2018-02-01;06;BUENOS AIRES;060805;TIGRE;2002
2018-02-01;02;CABA;S/D;CABA;6036
2018-02-01;38;JUJUY;380035;SAN SALVADOR DE JUJUY;3454
2018-02-01;54;MISIONES;540119;POSADAS;3553
2018-02-01;58;NEUQUEN;580042;CENTENARIO;1288
2018-02-01;58;NEUQUEN;580056;NEUQUEN;3590
2018-02-01;58;NEUQUEN;580070;PLOTTIER;1290
2018-02-01;62;RIO NEGRO;620133;CIPOLLETTI;1898
2018-02-01;62;RIO NEGRO;620077;SAN CARLOS DE BARILOCHE;1507
2018-02-01;82;SANTA FE;820210;ROSARIO;1020
2018-02-01;94;TIERRA DEL FUEGO;940014;USHUAIA;2248
2018-03-01;06;BUENOS AIRES;060028;ALMIRANTE BROWN;5894
2018-03-01;06;BUENOS AIRES;060035;AVELLANEDA;5196
2018-03-01;06;BUENOS AIRES;060091;BERAZATEGUI;2890
2018-03-01;06;BUENOS AIRES;060126;CAMPANA;1473
2018-03-01;06;BUENOS AIRES;060134;CAÑUELAS;5055
2018-03-01;06;BUENOS AIRES;060245;ENSENADA;1170
2018-03-01;06;BUENOS AIRES;060260;ESTEBAN ECHEVERRIA;2471
2018-03-01;06;BUENOS AIRES;060270;EZEIZA;2321
2018-03-01;06;BUENOS AIRES;060329;GENERAL LAS HERAS;1168
2018-03-01;06;BUENOS AIRES;060357;GENERAL PUEYRREDON;5195
2018-03-01;06;BUENOS AIRES;060364;GENERAL RODRIGUEZ;2540
2018-03-01;06;BUENOS AIRES;060371;GENERAL SAN MARTIN;5285
2018-03-01;06;BUENOS AIRES;060410;ITUZAINGO;1989
2018-03-01;06;BUENOS AIRES;060412;JOSE C PAZ;3300
2018-03-01;06;BUENOS AIRES;060427;LA MATANZA;33399
2018-03-01;06;BUENOS AIRES;060441;LA PLATA;2770
2018-03-01;06;BUENOS AIRES;060434;LANUS;3631
2018-03-01;06;BUENOS AIRES;060490;LOMAS DE ZAMORA;5076
2018-03-01;06;BUENOS AIRES;060539;MERLO;10570
2018-03-01;06;BUENOS AIRES;060560;MORENO;10381
2018-03-01;06;BUENOS AIRES;060568;MORON;5830
2018-03-01;06;BUENOS AIRES;060602;CARMEN DE PATAGONES;797
2018-03-01;06;BUENOS AIRES;060638;PILAR;4294
2018-03-01;06;BUENOS AIRES;060658;QUILMES;9320
2018-03-01;06;BUENOS AIRES;060760;SAN MIGUEL;4772
2018-03-01;06;BUENOS AIRES;060805;TIGRE;5661
2018-03-01;06;BUENOS AIRES;060840;TRES DE FEBRERO;2964
2018-03-01;02;CABA;S/D;CABA;15740
2018-03-01;22;CHACO;220385;BARRANQUERAS;2047
2018-03-01;22;CHACO;220413;RESISTENCIA;6555
2018-03-01;30;ENTRE RIOS;300336;PARANA;2701
2018-03-01;38;JUJUY;380154;PALPALA;6121
2018-03-01;38;JUJUY;380035;SAN SALVADOR DE JUJUY;6164
2018-03-01;54;MISIONES;540308;GARUPA;812
2018-03-01;54;MISIONES;540119;POSADAS;5662
2018-03-01;58;NEUQUEN;580049;CUTRAL CO;371
2018-03-01;58;NEUQUEN;580112;JUNIN DE LOS ANDES;303
2018-03-01;58;NEUQUEN;580063;PLAZA HUINCUL;673
2018-03-01;58;NEUQUEN;580119;SAN MARTIN DE LOS ANDES;654
2018-03-01;58;NEUQUEN;580245;ZAPALA;795
2018-03-01;62;RIO NEGRO;620014;VIEDMA;3305
2018-03-01;62;RIO NEGRO;620182;VILLA REGINA;1061
2018-03-01;66;SALTA;660063;SALTA;10251
2018-03-01;82;SANTA FE;820294;ROLDAN;2969
2018-03-01;82;SANTA FE;820210;ROSARIO;2710
2018-03-01;94;TIERRA DEL FUEGO;940007;RIO GRANDE;2465
2018-03-01;94;TIERRA DEL FUEGO;942007;TOLHUIN;922
2018-04-01;06;BUENOS AIRES;060028;ALMIRANTE BROWN;4588
2018-04-01;06;BUENOS AIRES;060035;AVELLANEDA;3483
2018-04-01;06;BUENOS AIRES;060091;BERAZATEGUI;4316
2018-04-01;06;BUENOS AIRES;060252;ESCOBAR;1603
2018-04-01;06;BUENOS AIRES;060260;ESTEBAN ECHEVERRIA;2541
2018-04-01;06;BUENOS AIRES;060270;EZEIZA;3408
2018-04-01;06;BUENOS AIRES;060357;GENERAL PUEYRREDON;4531
2018-04-01;06;BUENOS AIRES;060371;GENERAL SAN MARTIN;3858
2018-04-01;06;BUENOS AIRES;060412;JOSE C PAZ;6538
2018-04-01;06;BUENOS AIRES;060427;LA MATANZA;39682
2018-04-01;06;BUENOS AIRES;060441;LA PLATA;2813
2018-04-01;06;BUENOS AIRES;060434;LANUS;4520
2018-04-01;06;BUENOS AIRES;060490;LOMAS DE ZAMORA;7301
2018-04-01;06;BUENOS AIRES;060539;MERLO;7792
2018-04-01;06;BUENOS AIRES;060560;MORENO;6604
2018-04-01;06;BUENOS AIRES;060568;MORON;2406
2018-04-01;06;BUENOS AIRES;060638;PILAR;4279
2018-04-01;06;BUENOS AIRES;060658;QUILMES;10060
2018-04-01;06;BUENOS AIRES;060756;SAN ISIDRO;6846
2018-04-01;06;BUENOS AIRES;060760;SAN MIGUEL;5776
2018-04-01;06;BUENOS AIRES;060805;TIGRE;4734
2018-04-01;06;BUENOS AIRES;060840;TRES DE FEBRERO;1778
2018-04-01;02;CABA;S/D;CABA;14474
2018-04-01;22;CHACO;220210;AVIA TERAI;511
2018-04-01;22;CHACO;220385;BARRANQUERAS;2102
2018-04-01;22;CHACO;220007;CONCEPCION DEL BERMEJO;338
2018-04-01;22;CHACO;220014;LOS FRENTONES;295
2018-04-01;22;CHACO;220287;PAMPA DEL INDIO;418
2018-04-01;22;CHACO;220413;RESISTENCIA;5992
2018-04-01;18;CORRIENTES;180021;CORRIENTES;11704
2018-04-01;30;ENTRE RIOS;300301;CRESPO;1654
2018-04-01;30;ENTRE RIOS;300084;DIAMANTE;391
2018-04-01;30;ENTRE RIOS;300399;MACIA;569
2018-04-01;30;ENTRE RIOS;300175;GUALEGUAY;2234
2018-04-01;30;ENTRE RIOS;300287;NOGOYA;1272
2018-04-01;30;ENTRE RIOS;300469;VICTORIA;1063
2018-04-01;38;JUJUY;380119;CAIMANCITO;305
2018-04-01;38;JUJUY;380126;CALILEGUA;205
2018-04-01;38;JUJUY;380133;CHALICAN;140
2018-04-01;38;JUJUY;380238;EL TALAR;618
2018-04-01;38;JUJUY;380133;FRAILE PINTADO;555
2018-04-01;38;JUJUY;380063;MONTERRICO;5245
2018-04-01;38;JUJUY;380245;PALMA SOLA;346
2018-04-01;38;JUJUY;386217;PAMPICHUELA;41
2018-04-01;38;JUJUY;380077;PERICO;9768
2018-04-01;38;JUJUY;386224;SAN FRANCISCO;125
2018-04-01;38;JUJUY;380224;SAN PEDRO;4281
2018-04-01;38;JUJUY;386238;VALLE GRANDE;76
2018-04-01;38;JUJUY;386126;VINALITO;331
2018-04-01;38;JUJUY;380147;YUTO;551
2018-04-01;50;MENDOZA;500007;MENDOZA;5466
2018-04-01;54;MISIONES;540308;GARUPA;3067
2018-04-01;54;MISIONES;540119;POSADAS;6589
2018-04-01;58;NEUQUEN;580049;CUTRAL CO;1144
2018-04-01;66;SALTA;660063;SALTA;14661
2018-04-01;82;SANTA FE;820210;ROSARIO;2839
2018-04-01;82;SANTA FE;820301;SAN LORENZO;1179
2018-04-01;82;SANTA FE;820147;SANTA FE;2360
2018-05-01;06;BUENOS AIRES;060028;ALMIRANTE BROWN;3177
2018-05-01;06;BUENOS AIRES;060035;AVELLANEDA;4410
2018-05-01;06;BUENOS AIRES;060252;ESCOBAR;2543
2018-05-01;06;BUENOS AIRES;060270;EZEIZA;3054
2018-05-01;06;BUENOS AIRES;060274;FLORENCIO VARELA;2488
2018-05-01;06;BUENOS AIRES;060357;GENERAL PUEYRREDON;5338
2018-05-01;06;BUENOS AIRES;060371;GENERAL SAN MARTIN;3686
2018-05-01;06;BUENOS AIRES;060412;JOSE C PAZ;2599
2018-05-01;06;BUENOS AIRES;060427;LA MATANZA;37099
2018-05-01;06;BUENOS AIRES;060441;LA PLATA;1478
2018-05-01;06;BUENOS AIRES;060434;LANUS;2384
2018-05-01;06;BUENOS AIRES;060490;LOMAS DE ZAMORA;1506
2018-05-01;06;BUENOS AIRES;060539;MERLO;7182
2018-05-01;06;BUENOS AIRES;060560;MORENO;7873
2018-05-01;06;BUENOS AIRES;060568;MORON;3826
2018-05-01;06;BUENOS AIRES;060638;PILAR;2479
2018-05-01;06;BUENOS AIRES;060658;QUILMES;8466
2018-05-01;06;BUENOS AIRES;060756;SAN ISIDRO;2340
2018-05-01;06;BUENOS AIRES;060760;SAN MIGUEL;3919
2018-05-01;06;BUENOS AIRES;060778;SAN VICENTE;714
2018-05-01;06;BUENOS AIRES;060805;TIGRE;6011
2018-05-01;06;BUENOS AIRES;060840;TRES DE FEBRERO;1371
2018-05-01;02;CABA;S/D;CABA;15246
2018-05-01;22;CHACO;220217;CAMPO LARGO;1011
2018-05-01;22;CHACO;220434;CAPITAN SOLARI;557
2018-05-01;22;CHACO;220441;COLONIA ELISA;139
2018-05-01;22;CHACO;220448;COLONIAS UNIDAS;458
2018-05-01;22;CHACO;220308;CORONEL DU GRATY;745
2018-05-01;22;CHACO;220113;CORZUELA;489
2018-05-01;22;CHACO;220399;FONTANA;3182
2018-05-01;22;CHACO;220112;HERMOSO CAMPO;541
2018-05-01;22;CHACO;220441;COLONIA ELISA;192
2018-05-01;22;CHACO;220455;LAS GARCITAS;675
2018-05-01;22;CHACO;220371;MARGARITA BELEN;671
2018-05-01;22;CHACO;220021;PAMPA DEL INFIERNO;766
2018-05-01;22;CHACO;220077;PRESIDENTE ROQUE SAENZ PEÑA;4695
2018-05-01;22;CHACO;220254;PUERTO TIROL;787
2018-05-01;22;CHACO;220350;SAN BERNARDO;701
2018-05-01;22;CHACO;220126;SANTA SYLVINA;269
2018-05-01;22;CHACO;220427;VILLA BERTHET;393
2018-05-01;26;CHUBUT;260049;COMODORO RIVADAVIA;993
2018-05-01;26;CHUBUT;260007;PUERTO MADRYN;704
2018-05-01;26;CHUBUT;260140;SARMIENTO;341
2018-05-01;14;CORDOBA;140077;CORDOBA;2799
2018-05-01;18;CORRIENTES;180021;CORRIENTES;8631
2018-05-01;18;CORRIENTES;180168;ITUZAINGO;1149
2018-05-01;18;CORRIENTES;180175;SAN ANTONIO;172
2018-05-01;38;JUJUY;386035;AGUAS CALIENTES;510
2018-05-01;38;JUJUY;380056;EL CARMEN;4840
2018-05-01;38;JUJUY;386098;EL FUERTE;128
2018-05-01;38;JUJUY;386119;EL PIQUETE;345
2018-05-01;38;JUJUY;380196;LA ESPERANZA;309
2018-05-01;38;JUJUY;380203;LA MENDIETA;327
2018-05-01;38;JUJUY;380140;LIBERTADOR SAN MARTIN;10286
2018-05-01;38;JUJUY;386042;PAMPA BLANCA;777
2018-05-01;38;JUJUY;386049;PUESTO VIEJO;330
2018-05-01;38;JUJUY;S/D;RIO BLANCO;79
2018-05-01;38;JUJUY;386105;RODEITO;277
2018-05-01;38;JUJUY;386112;ROSARIO DE RIO GRANDE;152
2018-05-01;38;JUJUY;386084;SAN ANTONIO;293
2018-05-01;38;JUJUY;380224;SAN PEDRO;3357
2018-05-01;38;JUJUY;380252;SANTA CLARA;399
2018-05-01;38;JUJUY;386203;VOLCAN;222
2018-05-01;38;JUJUY;386028;YALA;426
2018-05-01;50;MENDOZA;500028;GUAYMALLEN;6472
2018-05-01;50;MENDOZA;500063;LUJAN DE CUYO;3422
2018-05-01;54;MISIONES;540308;GARUPA;2233
2018-05-01;54;MISIONES;540119;POSADAS;3603
2018-05-01;54;MISIONES;540462;SAN IGNACIO;1163
2018-05-01;54;MISIONES;540497;SAN JAVIER;1539
2018-05-01;66;SALTA;660119;GENERAL GÜEMES;4365
2018-05-01;66;SALTA;660063;SALTA;9880
2018-05-01;82;SANTA FE;820273;CARCARAÑA;731
2018-05-01;82;SANTA FE;820210;ROSARIO;1013
2018-05-01;82;SANTA FE;820147;SANTA FE;3773
2018-05-01;86;SANTIAGO DEL ESTERO;860056;SANTIAGO DEL ESTERO;14868
2018-06-01;06;BUENOS AIRES;060028;ALMIRANTE BROWN;4750
2018-06-01;06;BUENOS AIRES;060035;AVELLANEDA;2706
2018-06-01;06;BUENOS AIRES;060252;ESCOBAR;1616
2018-06-01;06;BUENOS AIRES;060357;GENERAL PUEYRREDON;2891
2018-06-01;06;BUENOS AIRES;060371;GENERAL SAN MARTIN;4625
2018-06-01;06;BUENOS AIRES;060412;JOSE C PAZ;6324
2018-06-01;06;BUENOS AIRES;060427;LA MATANZA;43497
2018-06-01;06;BUENOS AIRES;060441;LA PLATA;2997
2018-06-01;06;BUENOS AIRES;060434;LANUS;977
2018-06-01;06;BUENOS AIRES;060490;LOMAS DE ZAMORA;4209
2018-06-01;06;BUENOS AIRES;060539;MERLO;8178
2018-06-01;06;BUENOS AIRES;060560;MORENO;8531
2018-06-01;06;BUENOS AIRES;060568;MORON;2383
2018-06-01;06;BUENOS AIRES;060638;PILAR;3373
2018-06-01;06;BUENOS AIRES;060658;QUILMES;11440
2018-06-01;06;BUENOS AIRES;060756;SAN ISIDRO;3120
2018-06-01;06;BUENOS AIRES;060760;SAN MIGUEL;4562
2018-06-01;06;BUENOS AIRES;060805;TIGRE;4748
2018-06-01;02;CABA;S/D;CABA;9754
2018-06-01;22;CHACO;220084;CHARATA;2512
2018-06-01;22;CHACO;220105;GENERAL PINEDO;1403
2018-06-01;22;CHACO;220140;LA ESCONDIDA;655
2018-06-01;22;CHACO;220154;LA VERDE;615
2018-06-01;22;CHACO;220329;LAS BREÑAS;2014
2018-06-01;22;CHACO;220161;MAKALLE;637
2018-06-01;22;CHACO;220280;PAMPA ALMIRON;276
2018-06-01;22;CHACO;220028;TACO POZO;832
2018-06-01;26;CHUBUT;260077;ESQUEL;1144
2018-06-01;26;CHUBUT;260112;RAWSON;969
2018-06-01;26;CHUBUT;260119;TRELEW;985
2018-06-01;14;CORDOBA;140077;CORDOBA;3702
2018-06-01;18;CORRIENTES;180021;CORRIENTES;933
2018-06-01;18;CORRIENTES;180434;GOBERNADOR VIRASORO;2046
2018-06-01;18;CORRIENTES;180448;SANTO TOME;1404
2018-06-01;38;JUJUY;386175;HUACALERA;431
2018-06-01;38;JUJUY;380105;HUMAHUACA;1090
2018-06-01;38;JUJUY;386182;MAIMARA;796
2018-06-01;38;JUJUY;380154;PALPALA;3861
2018-06-01;38;JUJUY;386189;PURMAMARCA;96
2018-06-01;38;JUJUY;380329;TILCARA;688
2018-06-01;38;JUJUY;386196;TUMBAYA;60
2018-06-01;38;JUJUY;380105;HUMAHUACA;68
2018-06-01;50;MENDOZA;500049;LAS HERAS;8079
2018-06-01;50;MENDOZA;500063;LUJAN DE CUYO;3295
2018-06-01;54;MISIONES;540007;APOSTOLES;1906
2018-06-01;54;MISIONES;540119;POSADAS;1042
2018-06-01;66;SALTA;660364;CAMPO QUIJANO;453
2018-06-01;66;SALTA;660329;RIVADAVIA BANDA NORTE;405
2018-06-01;66;SALTA;660098;EL CARRIL;326
2018-06-01;66;SALTA;660084;LA MERCED;612
2018-06-01;66;SALTA;660364;CAMPO QUIJANO;341
2018-06-01;66;SALTA;660329;RIVADAVIA BANDA NORTE;368
2018-06-01;66;SALTA;660329;RIVADAVIA BANDA NORTE;530
2018-06-01;66;SALTA;660063;SALTA;1773
2018-06-01;82;SANTA FE;820028;CASILDA;401
2018-06-01;82;SANTA FE;820210;ROSARIO;1497
2018-06-01;82;SANTA FE;820147;SANTA FE;1996
2018-06-01;86;SANTIAGO DEL ESTERO;860014;CAMPO GALLO;721
2018-06-01;86;SANTIAGO DEL ESTERO;866210;EL MOJON;445
2018-06-01;86;SANTIAGO DEL ESTERO;860119;LORETO;5593
2018-06-01;86;SANTIAGO DEL ESTERO;860063;MONTE QUEMADO;727
2018-06-01;86;SANTIAGO DEL ESTERO;860147;NUEVA ESPERANZA;925
2018-06-01;86;SANTIAGO DEL ESTERO;866014;SACHAYOJ;358
2018-06-01;86;SANTIAGO DEL ESTERO;860056;SANTIAGO DEL ESTERO;4553
2018-06-01;86;SANTIAGO DEL ESTERO;860133;TINTINA;876
2018-07-01;06;BUENOS AIRES;060028;ALMIRANTE BROWN;5057
2018-07-01;06;BUENOS AIRES;060035;AVELLANEDA;3495
2018-07-01;06;BUENOS AIRES;060091;BERAZATEGUI;840
2018-07-01;06;BUENOS AIRES;060252;ESCOBAR;2017
2018-07-01;06;BUENOS AIRES;060270;EZEIZA;3073
2018-07-01;06;BUENOS AIRES;060357;GENERAL PUEYRREDON;6012
2018-07-01;06;BUENOS AIRES;060371;GENERAL SAN MARTIN;4835
2018-07-01;06;BUENOS AIRES;060412;JOSE C PAZ;11236
2018-07-01;06;BUENOS AIRES;060427;LA MATANZA;54281
2018-07-01;06;BUENOS AIRES;060441;LA PLATA;2696
2018-07-01;06;BUENOS AIRES;060434;LANUS;1799
2018-07-01;06;BUENOS AIRES;060490;LOMAS DE ZAMORA;7090
2018-07-01;06;BUENOS AIRES;060539;MERLO;5418
2018-07-01;06;BUENOS AIRES;060560;MORENO;6850
2018-07-01;06;BUENOS AIRES;060568;MORON;1123
2018-07-01;06;BUENOS AIRES;060638;PILAR;4109
2018-07-01;06;BUENOS AIRES;060658;QUILMES;14139
2018-07-01;06;BUENOS AIRES;060749;SAN FERNANDO;1354
2018-07-01;06;BUENOS AIRES;060756;SAN ISIDRO;1795
2018-07-01;06;BUENOS AIRES;060760;SAN MIGUEL;3351
2018-07-01;06;BUENOS AIRES;060805;TIGRE;5121
2018-07-01;06;BUENOS AIRES;060861;VICENTE LOPEZ;15018
2018-07-01;02;CABA;S/D;CABA;10794
2018-07-01;10;CATAMARCA;100140;SAN FERNANDO DEL VALLE DE CATAMARCA;2901
2018-07-01;22;CHACO;S/D;COMANDANCIA FRIAS;341
2018-07-01;22;CHACO;220203;VILLA RIO BERMEJITO;781
2018-07-01;22;CHACO;220168;EL SAUZALITO;819
2018-07-01;22;CHACO;220175;FUERTE ESPERANZA;271
2018-07-01;22;CHACO;220182;JUAN JOSE CASTELLI;2195
2018-07-01;22;CHACO;220476;MACHAGAI;2167
2018-07-01;22;CHACO;220189;MIRAFLORES;989
2018-07-01;22;CHACO;220169;MISION NUEVA POMPEYA;922
2018-07-01;22;CHACO;220287;PAMPA DEL INDIO;584
2018-07-01;22;CHACO;220357;PRESIDENCIA DE LA PLAZA;1068
2018-07-01;22;CHACO;220028;TACO POZO;4710
2018-07-01;22;CHACO;220301;TRES ISLETAS;3322
2018-07-01;22;CHACO;220203;VILLA RIO BERMEJITO;942
2018-07-01;14;CORDOBA;140077;CORDOBA;3527
2018-07-01;18;CORRIENTES;180021;CORRIENTES;5098
2018-07-01;18;CORRIENTES;180063;CURUZU CUATIA;1331
2018-07-01;18;CORRIENTES;180273;MONTE CASEROS;741
2018-07-01;18;CORRIENTES;180294;PASO DE LOS LIBRES;685
2018-07-01;18;CORRIENTES;180350;SAN LUIS DEL PALMAR;1409
2018-07-01;30;ENTRE RIOS;300490;VILLAGUAY;577
2018-07-01;38;JUJUY;380063;MONTERRICO;1386
2018-07-01;38;JUJUY;380035;SAN SALVADOR DE JUJUY;4318
2018-07-01;54;MISIONES;540525;25 DE MAYO;1675
2018-07-01;54;MISIONES;540035;ARISTOBULO DEL VALLE;1330
2018-07-01;54;MISIONES;540455;JARDIN AMERICA;1273
2018-07-01;54;MISIONES;540399;OBERA;922
2018-07-01;54;MISIONES;540203;SAN VICENTE;1054
2018-07-01;66;SALTA;660007;APOLINARIO SARAVIA;585
2018-07-01;66;SALTA;660105;CAMPO SANTO;826
2018-07-01;66;SALTA;660294;COLONIA SANTA ROSA;915
2018-07-01;66;SALTA;660133;EMBARCACION;174
2018-07-01;66;SALTA;660259;EL GALPON;174
2018-07-01;66;SALTA;660014;EL QUEBRACHAL;3782
2018-07-01;66;SALTA;660210;EL TALA;507
2018-07-01;66;SALTA;660133;EMBARCACION;208
2018-07-01;66;SALTA;660301;HIPOLITO YRIGOYEN;830
2018-07-01;66;SALTA;660217;LA CANDELARIA;297
2018-07-01;66;SALTA;660336;RIVADAVIA BANDA SUR;423
2018-07-01;66;SALTA;660035;LAS LAJITAS;980
2018-07-01;66;SALTA;660308;PICHANAL;2133
2018-07-01;66;SALTA;660336;RIVADAVIA BANDA SUR;415
2018-07-01;66;SALTA;660357;ROSARIO DE LA FRONTERA;1637
2018-07-01;66;SALTA;660063;SALTA;14178
2018-07-01;66;SALTA;660266;METAN;771
2018-07-01;66;SALTA;S/D;Saucelito;347
2018-07-01;82;SANTA FE;820266;CAPITAN BERMUDEZ;687
2018-07-01;82;SANTA FE;820280;FRAY LUIS BELTRAN;574
2018-07-01;82;SANTA FE;820210;ROSARIO;2742
2018-07-01;82;SANTA FE;820147;SANTA FE;1563
2018-07-01;86;SANTIAGO DEL ESTERO;860175;BELTRAN;767
2018-07-01;86;SANTIAGO DEL ESTERO;860028;COLONIA DORA;222
2018-07-01;86;SANTIAGO DEL ESTERO;860189;INGENIERO FORRES;360
2018-07-01;86;SANTIAGO DEL ESTERO;866084;GUARDIA ESCOLTA;179
2018-07-01;86;SANTIAGO DEL ESTERO;866035;HERRERA;285
2018-07-01;86;SANTIAGO DEL ESTERO;866133;LA CAÑADA;405
2018-07-01;86;SANTIAGO DEL ESTERO;860091;LOS JURIES;411
2018-07-01;86;SANTIAGO DEL ESTERO;860007;GOBERNADOR LUIS G. PINTO;110
2018-07-01;86;SANTIAGO DEL ESTERO;860126;QUIMILI;583
2018-07-01;86;SANTIAGO DEL ESTERO;860168;SELVA;153
2018-07-01;86;SANTIAGO DEL ESTERO;860112;SUNCHO CORRAL;451
2018-07-01;86;SANTIAGO DEL ESTERO;860160;VILLA OJO DE AGUA;367
2018-08-01;06;BUENOS AIRES;060028;ALMIRANTE BROWN;4703
2018-08-01;06;BUENOS AIRES;060035;AVELLANEDA;3511
2018-08-01;06;BUENOS AIRES;060091;BERAZATEGUI;3531
2018-08-01;06;BUENOS AIRES;060245;ENSENADA;963
2018-08-01;06;BUENOS AIRES;060252;ESCOBAR;6179
2018-08-01;06;BUENOS AIRES;060270;EZEIZA;2609
2018-08-01;06;BUENOS AIRES;060357;GENERAL PUEYRREDON;4615
2018-08-01;06;BUENOS AIRES;060364;GENERAL RODRIGUEZ;3985
2018-08-01;06;BUENOS AIRES;060371;GENERAL SAN MARTIN;4412
2018-08-01;06;BUENOS AIRES;060412;JOSE C PAZ;7748
2018-08-01;06;BUENOS AIRES;060427;LA MATANZA;56117
2018-08-01;06;BUENOS AIRES;060441;LA PLATA;4400
2018-08-01;06;BUENOS AIRES;060434;LANUS;4685
2018-08-01;06;BUENOS AIRES;060490;LOMAS DE ZAMORA;7284
2018-08-01;06;BUENOS AIRES;060539;MERLO;5394
2018-08-01;06;BUENOS AIRES;060560;MORENO;6005
2018-08-01;06;BUENOS AIRES;060568;MORON;3856
2018-08-01;06;BUENOS AIRES;060581;NECOCHEA;1283
2018-08-01;06;BUENOS AIRES;060638;PILAR;5965
2018-08-01;06;BUENOS AIRES;060658;QUILMES;5022
2018-08-01;06;BUENOS AIRES;060756;SAN ISIDRO;1248
2018-08-01;06;BUENOS AIRES;060760;SAN MIGUEL;4290
2018-08-01;06;BUENOS AIRES;060778;SAN VICENTE;2407
2018-08-01;06;BUENOS AIRES;060805;TIGRE;5472
2018-08-01;06;BUENOS AIRES;060840;TRES DE FEBRERO;2302
2018-08-01;06;BUENOS AIRES;060861;VICENTE LOPEZ;8808
2018-08-01;02;CABA;S/D;CABA;18781
2018-08-01;10;CATAMARCA;100140;SAN FERNANDO DEL VALLE DE CATAMARCA;3891
2018-08-01;10;CATAMARCA;100238;VALLE VIEJO;1170
2018-08-01;22;CHACO;220210;AVIA TERAI;1000
2018-08-01;22;CHACO;220217;CAMPO LARGO;644
2018-08-01;22;CHACO;220434;CAPITAN SOLARI;212
2018-08-01;22;CHACO;220441;COLONIA ELISA;286
2018-08-01;22;CHACO;220007;CONCEPCION DEL BERMEJO;525
2018-08-01;22;CHACO;220308;CORONEL DU GRATY;328
2018-08-01;22;CHACO;220113;CORZUELA;370
2018-08-01;22;CHACO;220259;GENERAL SAN MARTIN;1988
2018-08-01;22;CHACO;220112;HERMOSO CAMPO;696
2018-08-01;22;CHACO;220182;JUAN JOSE CASTELLI;2149
2018-08-01;22;CHACO;220455;LAS GARCITAS;319
2018-08-01;22;CHACO;220056;LAS PALMAS;2674
2018-08-01;22;CHACO;220014;LOS FRENTONES;404
2018-08-01;22;CHACO;220224;NAPENAY;578
2018-08-01;22;CHACO;220021;PAMPA DEL INFIERNO;547
2018-08-01;22;CHACO;220014;LOS FRENTONES;147
2018-08-01;22;CHACO;220350;SAN BERNARDO;554
2018-08-01;22;CHACO;220126;SANTA SYLVINA;417
2018-08-01;22;CHACO;220322;VILLA ANGELA;1729
2018-08-01;22;CHACO;220427;VILLA BERTHET;621
2018-08-01;14;CORDOBA;140077;CORDOBA;2616
2018-08-01;18;CORRIENTES;180098;ALVEAR;506
2018-08-01;18;CORRIENTES;180007;BELLA VISTA;1318
2018-08-01;18;CORRIENTES;180021;CORRIENTES;3515
2018-08-01;18;CORRIENTES;180077;EMPEDRADO;520
2018-08-01;18;CORRIENTES;180084;ESQUINA;1096
2018-08-01;18;CORRIENTES;180140;GOYA;4249
2018-08-01;18;CORRIENTES;180147;ITATI;325
2018-08-01;18;CORRIENTES;180371;LA CRUZ;438
2018-08-01;18;CORRIENTES;180224;MBURUCUYA;544
2018-08-01;18;CORRIENTES;180322;PASO DE LA PATRIA;307
2018-08-01;18;CORRIENTES;180028;RIACHUELO;409
2018-08-01;18;CORRIENTES;180315;SAN LORENZO;372
2018-08-01;18;CORRIENTES;180420;SAN ROQUE;373
2018-08-01;18;CORRIENTES;180336;SANTA ANA;158
2018-08-01;18;CORRIENTES;180035;COLONIA SANTA ROSA;671
2018-08-01;18;CORRIENTES;180455;SAUCE;399
2018-08-01;30;ENTRE RIOS;300042;CONCORDIA;5787
2018-08-01;38;JUJUY;380014;ABRA PAMPA;1430
2018-08-01;38;JUJUY;386245;BARRIOS;69
2018-08-01;38;JUJUY;386252;CANGREJILLOS;101
2018-08-01;38;JUJUY;380014;ABRA PAMPA;73
2018-08-01;38;JUJUY;386147;SANTA CATALINA;119
2018-08-01;38;JUJUY;386133;CIENEGUILLAS;72
2018-08-01;38;JUJUY;386161;CORANZULI;83
2018-08-01;38;JUJUY;386140;CUSI CUSI;37
2018-08-01;38;JUJUY;386259;EL CONDOR;34
2018-08-01;38;JUJUY;386056;HIPOLITO YRIGOYEN;139
2018-08-01;38;JUJUY;380406;LA QUIACA;6059
2018-08-01;38;JUJUY;386070;MINA PIRQUITAS;2
2018-08-01;38;JUJUY;386070;MINA PIRQUITAS;29
2018-08-01;38;JUJUY;386021;PUESTO DEL MARQUEZ;293
2018-08-01;38;JUJUY;386266;PUMAHUASI;112
2018-08-01;38;JUJUY;386077;RINCONADA;109
2018-08-01;38;JUJUY;380035;SAN SALVADOR DE JUJUY;5369
2018-08-01;38;JUJUY;386147;SANTA CATALINA;140
2018-08-01;38;JUJUY;386168;SUSQUES;145
2018-08-01;38;JUJUY;386063;TRES CRUCES;118
2018-08-01;38;JUJUY;386273;YAVI;225
2018-08-01;54;MISIONES;540049;DOS DE MAYO;1236
2018-08-01;54;MISIONES;540280;LEANDRO N. ALEM;2025
2018-08-01;54;MISIONES;540119;POSADAS;1117
2018-08-01;66;SALTA;660112;EL BORDO;1095
2018-08-01;66;SALTA;660133;EMBARCACION;2400
2018-08-01;66;SALTA;660147;GENERAL ENRIQUE MOSCONI;1902
2018-08-01;66;SALTA;660371;ROSARIO DE LERMA;1726
2018-08-01;66;SALTA;660063;SALTA;1844
2018-08-01;66;SALTA;660315;SAN RAMON DE LA NUEVA ORAN;1614
2018-08-01;66;SALTA;660161;TARTAGAL;2995
2018-08-01;82;SANTA FE;820210;ROSARIO;1826
2018-08-01;82;SANTA FE;820119;VILLA OCAMPO;797
2018-08-01;86;SANTIAGO DEL ESTERO;860070;PAMPA DE LOS GUANACOS;7054
2018-09-01;06;BUENOS AIRES;060028;ALMIRANTE BROWN;3530
2018-09-01;06;BUENOS AIRES;060035;AVELLANEDA;4049
2018-09-01;06;BUENOS AIRES;060091;BERAZATEGUI;2411
2018-09-01;06;BUENOS AIRES;060126;CAMPANA;2289
2018-09-01;06;BUENOS AIRES;060134;CAÑUELAS;1309
2018-09-01;06;BUENOS AIRES;060252;ESCOBAR;2506
2018-09-01;06;BUENOS AIRES;060270;EZEIZA;3358
2018-09-01;06;BUENOS AIRES;060274;FLORENCIO VARELA;446
2018-09-01;06;BUENOS AIRES;060357;GENERAL PUEYRREDON;4379
2018-09-01;06;BUENOS AIRES;060371;GENERAL SAN MARTIN;3488
2018-09-01;06;BUENOS AIRES;060412;JOSE C PAZ;7639
2018-09-01;06;BUENOS AIRES;060427;LA MATANZA;51614
2018-09-01;06;BUENOS AIRES;060441;LA PLATA;6609
2018-09-01;06;BUENOS AIRES;060434;LANUS;3232
2018-09-01;06;BUENOS AIRES;060490;LOMAS DE ZAMORA;3870
2018-09-01;06;BUENOS AIRES;060515;MALVINAS ARGENTINAS;3429
2018-09-01;06;BUENOS AIRES;060539;MERLO;5236
2018-09-01;06;BUENOS AIRES;060560;MORENO;13503
2018-09-01;06;BUENOS AIRES;060568;MORON;5250
2018-09-01;06;BUENOS AIRES;060638;PILAR;4811
2018-09-01;06;BUENOS AIRES;060658;QUILMES;7167
2018-09-01;06;BUENOS AIRES;060749;SAN FERNANDO;3609
2018-09-01;06;BUENOS AIRES;060756;SAN ISIDRO;3060
2018-09-01;06;BUENOS AIRES;060760;SAN MIGUEL;4056
2018-09-01;06;BUENOS AIRES;060805;TIGRE;4185
2018-09-01;06;BUENOS AIRES;060840;TRES DE FEBRERO;985
2018-09-01;06;BUENOS AIRES;060861;VICENTE LOPEZ;3860
2018-09-01;02;CABA;S/D;CABA;26405
2018-09-01;10;CATAMARCA;100126;CAPAYAN;201
2018-09-01;10;CATAMARCA;100007;EL RODEO;23
2018-09-01;10;CATAMARCA;100224;FIAMBALA;196
2018-09-01;10;CATAMARCA;100182;PACLIN;166
2018-09-01;10;CATAMARCA;100224;FIAMBALA;173
2018-09-01;10;CATAMARCA;100189;POMAN;193
2018-09-01;10;CATAMARCA;100140;SAN FERNANDO DEL VALLE DE CATAMARCA;3290
2018-09-01;10;CATAMARCA;100231;TINOGASTA;341
2018-09-01;22;CHACO;220007;CONCEPCION DEL BERMEJO;1663
2018-09-01;22;CHACO;220441;COLONIA ELISA;86
2018-09-01;22;CHACO;220014;LOS FRENTONES;6220
2018-09-01;22;CHACO;220371;MARGARITA BELEN;558
2018-09-01;22;CHACO;220021;PAMPA DEL INFIERNO;1168
2018-09-01;22;CHACO;220254;PUERTO TIROL;419
2018-09-01;22;CHACO;220378;QUITILIPI;2878
2018-09-01;22;CHACO;220413;RESISTENCIA;1129
2018-09-01;22;CHACO;220266;LA EDUVIGIS;253
2018-09-01;22;CHACO;220028;TACO POZO;1518
2018-09-01;14;CORDOBA;140077;CORDOBA;2428
2018-09-01;18;CORRIENTES;180035;COLONIA SANTA ROSA;1151
2018-09-01;18;CORRIENTES;180224;MBURUCUYA;388
2018-09-01;18;CORRIENTES;180266;MOCORETA;333
2018-09-01;18;CORRIENTES;180308;SALADAS;1389
2018-09-01;30;ENTRE RIOS;300105;CHAJARI;447
2018-09-01;30;ENTRE RIOS;300112;FEDERACION;2166
2018-09-01;30;ENTRE RIOS;300147;FEDERAL;992
2018-09-01;30;ENTRE RIOS;300161;SAN JOSE DE FELICIANO;1056
2018-09-01;38;JUJUY;380119;CAIMANCITO;171
2018-09-01;38;JUJUY;386119;EL PIQUETE;199
2018-09-01;38;JUJUY;380238;EL TALAR;154
2018-09-01;38;JUJUY;380133;FRAILE PINTADO;208
2018-09-01;38;JUJUY;380105;HUMAHUACA;299
2018-09-01;38;JUJUY;386182;MAIMARA;158
2018-09-01;38;JUJUY;386147;SANTA CATALINA;47
2018-09-01;38;JUJUY;386042;PAMPA BLANCA;179
2018-09-01;38;JUJUY;386049;PUESTO VIEJO;163
2018-09-01;38;JUJUY;386084;SAN ANTONIO;118
2018-09-01;38;JUJUY;380035;SAN SALVADOR DE JUJUY;2776
2018-09-01;38;JUJUY;380252;SANTA CLARA;255
2018-09-01;38;JUJUY;386028;YALA;165
2018-09-01;46;LA RIOJA;460014;LA RIOJA;3598
2018-09-01;50;MENDOZA;500007;MENDOZA;2109
2018-09-01;54;MISIONES;540007;APOSTOLES;216
2018-09-01;54;MISIONES;540364;CAMPO VIERA;277
2018-09-01;54;MISIONES;540301;EL ALCAZAR;124
2018-09-01;54;MISIONES;540196;EL SOBERBIO;99
2018-09-01;54;MISIONES;540476;FLORENTINO AMEGHINO;112
2018-09-01;54;MISIONES;540434;GENERAL URQUIZA;90
2018-09-01;54;MISIONES;540483;ITACARUARE;272
2018-09-01;54;MISIONES;540406;PANAMBI;187
2018-09-01;54;MISIONES;540329;RUIZ DE MONTOYA;123
2018-09-01;54;MISIONES;540462;SAN IGNACIO;140
2018-09-01;54;MISIONES;540021;SAN JOSE;170
2018-09-01;54;MISIONES;540098;SANTA ANA;377
2018-09-01;54;MISIONES;540469;SANTO PIPO;322
2018-09-01;66;SALTA;660028;JOAQUIN V. GONZALEZ;6452
2018-09-01;66;SALTA;660063;SALTA;5387
2018-09-01;66;SALTA;660161;TARTAGAL;6588
2018-09-01;82;SANTA FE;820210;ROSARIO;1799
2018-09-01;82;SANTA FE;820147;SANTA FE;3060
2018-09-01;86;SANTIAGO DEL ESTERO;860014;CAMPO GALLO;218
2018-09-01;86;SANTIAGO DEL ESTERO;860028;COLONIA DORA;281
2018-09-01;86;SANTIAGO DEL ESTERO;866063;ESTACION EL SIMBOLAR;233
2018-09-01;86;SANTIAGO DEL ESTERO;860042;LA BANDA;1838
2018-09-01;86;SANTIAGO DEL ESTERO;860147;NUEVA ESPERANZA;397
2018-09-01;86;SANTIAGO DEL ESTERO;860133;TINTINA;227
2018-09-01;90;TUCUMAN;900014;SAN MIGUEL DE TUCUMAN;5974
2018-10-01;06;BUENOS AIRES;060588;NUEVE DE JULIO;436
2018-10-01;06;BUENOS AIRES;060014;ADOLFO GONZALEZ CHAVES;15
2018-10-01;06;BUENOS AIRES;060028;ALMIRANTE BROWN;2783
2018-10-01;06;BUENOS AIRES;060035;AVELLANEDA;4719
2018-10-01;06;BUENOS AIRES;060091;BERAZATEGUI;2331
2018-10-01;06;BUENOS AIRES;060134;CAÑUELAS;1418
2018-10-01;06;BUENOS AIRES;060189;CORONEL DORREGO;33
2018-10-01;06;BUENOS AIRES;060196;CORONEL PRINGLES;283
2018-10-01;06;BUENOS AIRES;060203;CORONEL SUAREZ;202
2018-10-01;06;BUENOS AIRES;060245;ENSENADA;998
2018-10-01;06;BUENOS AIRES;060252;ESCOBAR;3910
2018-10-01;06;BUENOS AIRES;060260;ESTEBAN ECHEVERRIA;3161
2018-10-01;06;BUENOS AIRES;060270;EZEIZA;2694
2018-10-01;06;BUENOS AIRES;060274;FLORENCIO VARELA;1139
2018-10-01;06;BUENOS AIRES;060280;GENERAL ALVARADO;1188
2018-10-01;06;BUENOS AIRES;060357;GENERAL PUEYRREDON;6258
2018-10-01;06;BUENOS AIRES;060364;GENERAL RODRIGUEZ;2274
2018-10-01;06;BUENOS AIRES;060371;GENERAL SAN MARTIN;4982
2018-10-01;06;BUENOS AIRES;060385;GENERAL VIAMONTE;221
2018-10-01;06;BUENOS AIRES;060412;JOSE C PAZ;5688
2018-10-01;06;BUENOS AIRES;060427;LA MATANZA;60289
2018-10-01;06;BUENOS AIRES;060441;LA PLATA;7413
2018-10-01;06;BUENOS AIRES;060434;LANUS;6377
2018-10-01;06;BUENOS AIRES;060490;LOMAS DE ZAMORA;3858
2018-10-01;06;BUENOS AIRES;060515;MALVINAS ARGENTINAS;3613
2018-10-01;06;BUENOS AIRES;060539;MERLO;13697
2018-10-01;06;BUENOS AIRES;060560;MORENO;13983
2018-10-01;06;BUENOS AIRES;060568;MORON;5733
2018-10-01;06;BUENOS AIRES;060595;OLAVARRIA;2439
2018-10-01;06;BUENOS AIRES;060638;PILAR;3405
2018-10-01;06;BUENOS AIRES;060658;QUILMES;8910
2018-10-01;06;BUENOS AIRES;060756;SAN ISIDRO;2838
2018-10-01;06;BUENOS AIRES;060760;SAN MIGUEL;5430
2018-10-01;06;BUENOS AIRES;060805;TIGRE;4330
2018-10-01;06;BUENOS AIRES;060819;TORNQUIST;613
2018-10-01;06;BUENOS AIRES;060833;TRES ARROYOS;248
2018-10-01;06;BUENOS AIRES;060840;TRES DE FEBRERO;1485
2018-10-01;06;BUENOS AIRES;060861;VICENTE LOPEZ;4735
2018-10-01;06;BUENOS AIRES;060882;ZARATE;367
2018-10-01;02;CABA;S/D;CABA;35327
2018-10-01;10;CATAMARCA;100049;ANDALGALA;403
2018-10-01;10;CATAMARCA;100063;BELEN;963
2018-10-01;10;CATAMARCA;100126;CAPAYAN;239
2018-10-01;10;CATAMARCA;100224;FIAMBALA;179
2018-10-01;10;CATAMARCA;100147;EL ALTO;90
2018-10-01;10;CATAMARCA;100133;HUAILLAPIMA;411
2018-10-01;10;CATAMARCA;100077;HUALFIN;335
2018-10-01;10;CATAMARCA;100182;PACLIN;194
2018-10-01;10;CATAMARCA;100084;LONDRES;158
2018-10-01;10;CATAMARCA;100224;FIAMBALA;130
2018-10-01;10;CATAMARCA;100189;POMAN;118
2018-10-01;10;CATAMARCA;100091;POZO DE PIEDRA;155
2018-10-01;10;CATAMARCA;100175;RECREO;1140
2018-10-01;10;CATAMARCA;100238;VALLE VIEJO;390
2018-10-01;10;CATAMARCA;100154;TAPSO;181
2018-10-01;10;CATAMARCA;100231;TINOGASTA;137
2018-10-01;22;CHACO;220210;AVIA TERAI;1677
2018-10-01;22;CHACO;220476;MACHAGAI;1302
2018-10-01;22;CHACO;220077;PRESIDENTE ROQUE SAENZ PEÑA;2955
2018-10-01;14;CORDOBA;140077;CORDOBA;3107
2018-10-01;18;CORRIENTES;180014;BERON DE ESTRADA;125
2018-10-01;18;CORRIENTES;180112;CAA CATI;368
2018-10-01;18;CORRIENTES;180056;TATACUA;221
2018-10-01;18;CORRIENTES;180042;CONCEPCION;237
2018-10-01;18;CORRIENTES;180021;CORRIENTES;1216
2018-10-01;18;CORRIENTES;180077;EMPEDRADO;363
2018-10-01;18;CORRIENTES;180084;ESQUINA;360
2018-10-01;18;CORRIENTES;180147;ITA IBATE;280
2018-10-01;18;CORRIENTES;180385;LORETO;227
2018-10-01;18;CORRIENTES;180070;PERUGORRIA;156
2018-10-01;18;CORRIENTES;180392;SAN MIGUEL;355
2018-10-01;18;CORRIENTES;180420;SAN ROQUE;211
2018-10-01;18;CORRIENTES;180049;TABAY;380
2018-10-01;30;ENTRE RIOS;300042;CONCORDIA;697
2018-10-01;38;JUJUY;380014;ABRA PAMPA;154
2018-10-01;38;JUJUY;386175;HUACALERA;48
2018-10-01;38;JUJUY;380105;HUMAHUACA;259
2018-10-01;38;JUJUY;380406;LA QUIACA;807
2018-10-01;38;JUJUY;386182;MAIMARA;129
2018-10-01;38;JUJUY;380154;PALPALA;919
2018-10-01;38;JUJUY;380035;SAN SALVADOR DE JUJUY;2293
2018-10-01;38;JUJUY;380329;TILCARA;259
2018-10-01;46;LA RIOJA;460007;ARAUCO;773
2018-10-01;46;LA RIOJA;460112;ROSARIO VERA PEÑALOZA;1227
2018-10-01;46;LA RIOJA;460042;CHILECITO;805
2018-10-01;46;LA RIOJA;460028;CORONEL FELIPE VARELA;339
2018-10-01;46;LA RIOJA;460014;LA RIOJA;1931
2018-10-01;46;LA RIOJA;460028;CORONEL FELIPE VARELA;650
2018-10-01;50;MENDOZA;500007;MENDOZA;1569
2018-10-01;54;MISIONES;540154;ELDORADO;2418
2018-10-01;54;MISIONES;540343;MONTECARLO;549
2018-10-01;54;MISIONES;540119;POSADAS;1000
2018-10-01;54;MISIONES;540259;CERRO AZUL;789
2018-10-01;54;MISIONES;540497;SAN JAVIER;134
2018-10-01;66;SALTA;660147;AGUARAY;1551
2018-10-01;66;SALTA;660364;CAMPO QUIJANO;288
2018-10-01;66;SALTA;660105;CAMPO SANTO;141
2018-10-01;66;SALTA;660077;CERRILLOS;887
2018-10-01;66;SALTA;660112;EL BORDO;162
2018-10-01;66;SALTA;660154;SALVADOR MAZZA;1700
2018-10-01;66;SALTA;660063;SALTA;2732
2018-10-01;66;SALTA;660161;TARTAGAL;2111
2018-10-01;66;SALTA;660070;SAN LORENZO;1793
2018-10-01;86;SANTIAGO DEL ESTERO;860084;AÑATUYA;895
2018-10-01;86;SANTIAGO DEL ESTERO;866294;ARRAGA;282
2018-10-01;86;SANTIAGO DEL ESTERO;866259;CHILCA JULIANA;238
2018-10-01;86;SANTIAGO DEL ESTERO;866259;CHILCA JULIANA;63
2018-10-01;86;SANTIAGO DEL ESTERO;866063;ESTACION EL SIMBOLAR;98
2018-10-01;86;SANTIAGO DEL ESTERO;860182;FERNANDEZ;874
2018-10-01;86;SANTIAGO DEL ESTERO;860077;FRIAS;1065
2018-10-01;86;SANTIAGO DEL ESTERO;860042;LA BANDA;1873
2018-10-01;86;SANTIAGO DEL ESTERO;866133;LA CAÑADA;393
2018-10-01;86;SANTIAGO DEL ESTERO;866147;LAVALLE;280
2018-10-01;86;SANTIAGO DEL ESTERO;860119;LORETO;641
2018-10-01;86;SANTIAGO DEL ESTERO;860196;LOS TELARES;141
2018-10-01;86;SANTIAGO DEL ESTERO;860154;SUMAMPA;81
2018-10-01;86;SANTIAGO DEL ESTERO;860112;SUNCHO CORRAL;106
2018-10-01;86;SANTIAGO DEL ESTERO;860161;TERMAS DE RIO HONDO;2413
2018-10-01;90;TUCUMAN;900014;SAN MIGUEL DE TUCUMAN;7715
2018-11-01;06;BUENOS AIRES;060028;ALMIRANTE BROWN;4759
2018-11-01;06;BUENOS AIRES;060077;ARRECIFES;307
2018-11-01;06;BUENOS AIRES;060035;AVELLANEDA;2401
2018-11-01;06;BUENOS AIRES;060063;BALCARCE;284
2018-11-01;06;BUENOS AIRES;060091;BERAZATEGUI;1295
2018-11-01;06;BUENOS AIRES;060098;BERISSO;3556
2018-11-01;06;BUENOS AIRES;060126;CAMPANA;786
2018-11-01;06;BUENOS AIRES;060252;ESCOBAR;1779
2018-11-01;06;BUENOS AIRES;060266;EXALTACION DE LA CRUZ;168
2018-11-01;06;BUENOS AIRES;060270;EZEIZA;2963
2018-11-01;06;BUENOS AIRES;060274;FLORENCIO VARELA;148
2018-11-01;06;BUENOS AIRES;060322;GENERAL LAMADRID;342
2018-11-01;06;BUENOS AIRES;060357;GENERAL PUEYRREDON;2909
2018-11-01;06;BUENOS AIRES;060371;GENERAL SAN MARTIN;2608
2018-11-01;06;BUENOS AIRES;060410;ITUZAINGO;323
2018-11-01;06;BUENOS AIRES;060412;JOSE C PAZ;4834
2018-11-01;06;BUENOS AIRES;060427;LA MATANZA;34357
2018-11-01;06;BUENOS AIRES;060441;LA PLATA;4653
2018-11-01;06;BUENOS AIRES;060434;LANUS;4093
2018-11-01;06;BUENOS AIRES;060448;LAPRIDA;2441
2018-11-01;06;BUENOS AIRES;060490;LOMAS DE ZAMORA;6138
2018-11-01;06;BUENOS AIRES;060515;MALVINAS ARGENTINAS;3520
2018-11-01;06;BUENOS AIRES;060539;MERLO;5499
2018-11-01;06;BUENOS AIRES;060560;MORENO;5859
2018-11-01;06;BUENOS AIRES;060568;MORON;1453
2018-11-01;06;BUENOS AIRES;060595;OLAVARRIA;909
2018-11-01;06;BUENOS AIRES;060638;PILAR;4390
2018-11-01;06;BUENOS AIRES;060658;QUILMES;7973
2018-11-01;06;BUENOS AIRES;060760;SAN MIGUEL;2494
2018-11-01;06;BUENOS AIRES;060805;TIGRE;2534
2018-11-01;06;BUENOS AIRES;060882;ZARATE;994
2018-11-01;02;CABA;S/D;CABA;31254
2018-11-01;10;CATAMARCA;100203;SAN JOSE;773
2018-11-01;10;CATAMARCA;100210;SANTA MARIA;556
2018-11-01;22;CHACO;220042;ISLA DEL CERRITO;133
2018-11-01;22;CHACO;S/D;ISLA SOTO;16
2018-11-01;22;CHACO;220056;LAS PALMAS;213
2018-11-01;22;CHACO;220189;MIRAFLORES;602
2018-11-01;22;CHACO;220169;MISION NUEVA POMPEYA;1197
2018-11-01;22;CHACO;220063;PUERTO BERMEJO;276
2018-11-01;14;CORDOBA;140077;CORDOBA;1388
2018-11-01;18;CORRIENTES;180098;ALVEAR;84
2018-11-01;18;CORRIENTES;180021;CORRIENTES;1682
2018-11-01;18;CORRIENTES;180371;LA CRUZ;99
2018-11-01;18;CORRIENTES;180203;LAVALLE;236
2018-11-01;18;CORRIENTES;180070;PERUGORRIA;197
2018-11-01;18;CORRIENTES;180028;RIACHUELO;373
2018-11-01;18;CORRIENTES;180308;SALADAS;424
2018-11-01;18;CORRIENTES;180035;COLONIA SANTA ROSA;254
2018-11-01;18;CORRIENTES;180378;YAPEYU;64
2018-11-01;30;ENTRE RIOS;300413;BASAVILBASO;248
2018-11-01;30;ENTRE RIOS;300427;CONCEPCION DEL URUGUAY;719
2018-11-01;30;ENTRE RIOS;300406;ROSARIO DEL TALA;221
2018-11-01;34;FORMOSA;S/D;COLONIA CANO;25
2018-11-01;38;JUJUY;380035;SAN SALVADOR DE JUJUY;1580
2018-11-01;42;LA PAMPA;420336;SANTA ROSA;504
2018-11-01;54;MISIONES;540042;CAMPO GRANDE;724
2018-11-01;54;MISIONES;540357;CAMPO RAMON;280
2018-11-01;54;MISIONES;540364;CAMPO VIERA;172
2018-11-01;54;MISIONES;540231;COLONIA WANDA;355
2018-11-01;54;MISIONES;540182;ANDRESITO;342
2018-11-01;54;MISIONES;540196;EL SOBERBIO;355
2018-11-01;54;MISIONES;540308;GARUHAPE;155
2018-11-01;54;MISIONES;540434;GENERAL URQUIZA;37
2018-11-01;54;MISIONES;540119;POSADAS;1048
2018-11-01;54;MISIONES;540210;PUERTO ESPERANZA;797
2018-11-01;54;MISIONES;540322;PUERTO RICO;481
2018-11-01;54;MISIONES;540329;RUIZ DE MONTOYA;284
2018-11-01;54;MISIONES;540098;SANTA ANA;313
2018-11-01;54;MISIONES;540469;SANTO PIPO;248
2018-11-01;62;RIO NEGRO;620014;VIEDMA;176
2018-11-01;66;SALTA;660007;APOLINARIO SARAVIA;997
2018-11-01;66;SALTA;660056;CAFAYATE;588
2018-11-01;66;SALTA;660091;CHICOANA;305
2018-11-01;66;SALTA;660133;EMBARCACION;151
2018-11-01;66;SALTA;660147;GENERAL ENRIQUE MOSCONI;1049
2018-11-01;66;SALTA;660133;EMBARCACION;84
2018-11-01;66;SALTA;660336;RIVADAVIA BANDA SUR;57
2018-11-01;66;SALTA;660329;RIVADAVIA BANDA NORTE;106
2018-11-01;66;SALTA;660336;RIVADAVIA BANDA SUR;120
2018-11-01;66;SALTA;660343;SANTA VICTORIA ESTE;737
2018-11-01;78;SANTA CRUZ;0780049;RIO GALLEGOS;966
2018-11-01;82;SANTA FE;0820210;ROSARIO;607
2018-11-01;82;SANTA FE;0820147;SANTA FE;1617
2018-11-01;86;SANTIAGO DEL ESTERO;0860049;BANDERA;219
2018-11-01;86;SANTIAGO DEL ESTERO;0860175;BELTRAN;359
2018-11-01;86;SANTIAGO DEL ESTERO;0860091;LOS JURIES;199
2018-11-01;86;SANTIAGO DEL ESTERO;0860126;QUIMILI;238
2018-11-01;86;SANTIAGO DEL ESTERO;0866196;WEISBURD;316
2018-11-01;90;TUCUMAN;0900014;SAN MIGUEL DE TUCUMAN;5221
2018-12-01;06;BUENOS AIRES;060028;ALMIRANTE BROWN;3419
2018-12-01;06;BUENOS AIRES;060035;AVELLANEDA;949
2018-12-01;06;BUENOS AIRES;060126;CAMPANA;686
2018-12-01;06;BUENOS AIRES;060245;ENSENADA;207
2018-12-01;06;BUENOS AIRES;060252;ESCOBAR;893
2018-12-01;06;BUENOS AIRES;060270;EZEIZA;1942
2018-12-01;06;BUENOS AIRES;060274;FLORENCIO VARELA;242
2018-12-01;06;BUENOS AIRES;060336;GENERAL LAVALLE;82
2018-12-01;06;BUENOS AIRES;060357;GENERAL PUEYRREDON;2133
2018-12-01;06;BUENOS AIRES;060371;GENERAL SAN MARTIN;798
2018-12-01;06;BUENOS AIRES;060412;JOSE C PAZ;5318
2018-12-01;06;BUENOS AIRES;060427;LA MATANZA;22436
2018-12-01;06;BUENOS AIRES;060441;LA PLATA;3439
2018-12-01;06;BUENOS AIRES;060434;LANUS;1793
2018-12-01;06;BUENOS AIRES;060455;LAS FLORES;2449
2018-12-01;06;BUENOS AIRES;060490;LOMAS DE ZAMORA;2923
2018-12-01;06;BUENOS AIRES;060511;MAIPU;348
2018-12-01;06;BUENOS AIRES;060515;MALVINAS ARGENTINAS;2729
2018-12-01;06;BUENOS AIRES;060518;MAR CHIQUITA;99
2018-12-01;06;BUENOS AIRES;060539;MERLO;703
2018-12-01;06;BUENOS AIRES;060560;MORENO;2290
2018-12-01;06;BUENOS AIRES;060568;MORON;3777
2018-12-01;06;BUENOS AIRES;060602;CARMEN DE PATAGONES;156
2018-12-01;06;BUENOS AIRES;060638;PILAR;562
2018-12-01;06;BUENOS AIRES;060658;QUILMES;2329
2018-12-01;06;BUENOS AIRES;060749;SAN FERNANDO;2088
2018-12-01;06;BUENOS AIRES;060760;SAN MIGUEL;731
2018-12-01;06;BUENOS AIRES;060778;SAN VICENTE;476
2018-12-01;06;BUENOS AIRES;060805;TIGRE;3464
2018-12-01;02;CABA;S/D;CABA;24310
2018-12-01;22;CHACO;220140;LA ESCONDIDA;554
2018-12-01;22;CHACO;220154;LA VERDE;774
2018-12-01;22;CHACO;220406;PUERTO VILELAS;1114
2018-12-01;18;CORRIENTES;180014;BERON DE ESTRADA;125
2018-12-01;18;CORRIENTES;180112;CAA CATI;347
2018-12-01;18;CORRIENTES;180042;CONCEPCION;80
2018-12-01;18;CORRIENTES;180021;CORRIENTES;2017
2018-12-01;18;CORRIENTES;180147;ITA IBATE;144
2018-12-01;18;CORRIENTES;180385;LORETO;120
2018-12-01;18;CORRIENTES;180392;SAN MIGUEL;205
2018-12-01;18;CORRIENTES;180049;TABAY;180
2018-12-01;30;ENTRE RIOS;300042;CONCORDIA;785
2018-12-01;30;ENTRE RIOS;300245;LA PAZ;369
2018-12-01;30;ENTRE RIOS;300259;SANTA ELENA;399
2018-12-01;38;JUJUY;380014;ABRA PAMPA;568
2018-12-01;38;JUJUY;380406;LA QUIACA;473
2018-12-01;38;JUJUY;380035;SAN SALVADOR DE JUJUY;1302
2018-12-01;54;MISIONES;540175;BERNARDO DE IRIGOYEN;228
2018-12-01;54;MISIONES;540504;COLONIA PARAISO;117
2018-12-01;54;MISIONES;540231;COLONIA WANDA;186
2018-12-01;54;MISIONES;540182;ANDRESITO;619
2018-12-01;54;MISIONES;540189;SAN ANTONIO;62
2018-12-01;54;MISIONES;540504;SAN PEDRO;388
2018-12-01;58;NEUQUEN;580056;NEUQUEN;1026
2018-12-01;62;RIO NEGRO;620014;VIEDMA;44
2018-12-01;66;SALTA;660091;CHICOANA;216
2018-12-01;66;SALTA;660028;JOAQUIN V. GONZALEZ;866
2018-12-01;66;SALTA;660084;LA MERCED;234
2018-12-01;66;SALTA;660238;LA VIÑA;169
2018-12-01;66;SALTA;660280;RIO PIEDRAS;57
2018-12-01;66;SALTA;660014;EL QUEBRACHAL;123
2018-12-01;82;SANTA FE;820203;PEREZ;151
2018-12-01;82;SANTA FE;820112;RECONQUISTA;496
2018-12-01;82;SANTA FE;820154;SANTO TOME;549
2018-12-01;82;SANTA FE;820056;VILLA CONSTITUCION;319
2018-12-01;82;SANTA FE;820217;VILLA GOBERNADOR GALVEZ;1033
2018-12-01;90;TUCUMAN;900014;SAN MIGUEL DE TUCUMAN;5024
